Conway,Barnes,Human Resources Manager,2583.05
Rorke,Oxterby,Senior Sales Associate,2655.09
Crichton,Demongeot,Staff Accountant III,4189.32
Cora,Shepton,Geologist I,3875.77
Cori,Leverton,Senior Financial Analyst,4256.66
Sarine,Jirasek,Sales Associate,4247.65
Alessandra,Batecok,Analyst Programmer,4342.08
Susanna,Ghione,Technical Writer,3446.08
Inigo,O'Sheerin,Nuclear Power Engineer,3407.22
Suzanne,Dana,Administrative Assistant IV,4088.75
Harper,Mawtus,Systems Administrator I,4983.75
Athena,Bende,Web Designer IV,3686.38
Brear,Whetnall,Help Desk Technician,3266.32
Meredithe,McGlynn,Sales Associate,2644.31
Randolph,Azam,Computer Systems Analyst IV,4879.47
Ethelind,Meechan,Compensation Analyst,4091.58
Faun,Kubalek,Product Engineer,3404.00
Shara,Grasner,Account Executive,3909.27
Cathrin,McCleary,Research Nurse,3104.03
Connor,Ottewill,Accounting Assistant I,4513.24
Nerty,Gaukroger,Budget/Accounting Analyst II,3047.52
Elsi,Shimwall,Senior Financial Analyst,4236.56
Avictor,Millthorpe,Analyst Programmer,3896.39
Taite,Balbeck,Help Desk Operator,3553.69
Spence,Papierz,Senior Cost Accountant,4849.38
Ame,Kite,Systems Administrator IV,3653.23
Kelley,Quinton,Staff Accountant III,4681.36
Fletcher,Medway,Engineer III,4284.66
Pamella,Meach,Geological Engineer,4026.02
Dun,Jobson,Assistant Manager,2968.85
Delila,Gladtbach,Operator,2513.51
Gavra,Simonazzi,Design Engineer,4412.50
Bellanca,O'Glessane,Help Desk Operator,4664.25
Ado,Mabbett,Senior Editor,3571.91
Anna,Franiak,Actuary,4466.81
Idelle,Corneille,Nurse,2624.48
Clemmie,Ivanisov,Design Engineer,2934.73
Eda,Songest,Project Manager,4555.29
Ransell,Angless,Paralegal,4013.20
Biddie,Auchinleck,Accountant III,3675.31
Mariann,Dael,Design Engineer,3124.61
Petr,Hadwick,Graphic Designer,4575.04
Audie,Bruyet,Desktop Support Technician,3511.12
Nanny,Kubiczek,Environmental Specialist,3355.40
Sherri,Anning,Graphic Designer,2996.82
Ann,Pottinger,Nuclear Power Engineer,2960.86
Colver,Cockhill,Software Test Engineer III,2667.59
Ki,Blankett,Web Designer I,3827.31
Joshua,Riglesford,Statistician I,3499.66
Rab,Buttriss,Systems Administrator II,4930.27
Ruperto,Ellin,VP Quality Control,4539.13
Avrom,Marwick,Programmer Analyst II,2963.88
Halsey,Lanfear,General Manager,3420.36
Kerianne,Duiged,Human Resources Manager,3270.36
Julieta,Fouracre,Tax Accountant,3363.96
Adolphe,Kesten,Software Consultant,3508.53
Elita,Regorz,Sales Representative,2882.33
Jori,Grasha,Paralegal,4455.84
Sybyl,Backwell,Structural Analysis Engineer,3788.57
Jenica,Barber,Safety Technician I,4345.49
Kiri,Jachimak,Systems Administrator IV,2628.27
Lisha,Eliez,Financial Advisor,3979.97
Jecho,Hutsby,Staff Accountant IV,3936.99
Arlyn,Lello,Staff Scientist,2942.90
Dorella,Puvia,Nurse Practicioner,3579.47
Enrichetta,McShee,VP Quality Control,3240.40
Leanora,Kauble,Software Consultant,3216.10
Yasmin,Forrester,Sales Associate,4202.66
Caralie,O'Duane,Statistician I,4887.46
Egan,Skae,Research Nurse,3853.78
Bernette,Mattack,Food Chemist,4895.65
Teodoro,Robeiro,Staff Accountant IV,4183.49
Charlie,Halstead,Associate Professor,2751.76
Guthrie,Maunton,Senior Developer,4891.83
Mavra,Rowswell,Structural Engineer,2771.60
Sherlock,Bergeon,VP Marketing,3607.42
Ag,Killner,Assistant Professor,2940.27
Dari,Comerford,Dental Hygienist,4769.73
Cathy,Gaskal,Dental Hygienist,4344.93
Joella,Rabl,Senior Financial Analyst,2842.98
Lacy,Simone,Assistant Manager,4825.79
Charmain,Barber,Sales Associate,3776.11
Alexandrina,Duckhouse,Desktop Support Technician,4579.27
Homer,Cadden,Nurse,4620.44
Vinnie,Naulls,Safety Technician III,3420.56
Bern,Lynock,Senior Sales Associate,4413.84
Mirabelle,Whaley,Executive Secretary,4095.27
Dalenna,Danielsen,Compensation Analyst,3004.52
Hastie,Wellings,Accounting Assistant IV,4557.12
Norby,Hastilow,Information Systems Manager,4822.45
Benita,Ambrosini,Web Designer III,3328.00
Dannie,McAnalley,Design Engineer,2935.84
Letty,Goldstein,Media Manager IV,3726.36
Edwin,Sebire,Web Designer II,4349.25
Dani,Finder,Accounting Assistant I,3269.09
Milton,Stoyell,Structural Analysis Engineer,3888.99
Lucretia,Haitlie,Help Desk Technician,2904.54
Cassius,Wickes,Recruiter,4134.94
Dougy,Riddick,Actuary,4009.05
Corrine,Hawkeridge,VP Marketing,4851.21
